{"cameraMode":{"drawMode":0,"name":"Shaded","section":"Shading Mode"},"sceneLighting":false,"audioPlay":false,"sceneViewState":{"m_AlwaysRefresh":false,"showFog":true,"showSkybox":false,"showFlares":true,"showImageEffects":true,"showParticleSystems":true,"showVisualEffectGraphs":true,"m_FxEnabled":true},"in2DMode":false,"pivot":{"x":-0.061258018016815189,"y":-0.2495821714401245,"z":0.05737566947937012},"rotation":{"x":-0.23030632734298707,"y":-0.12310580164194107,"z":0.029382996261119844,"w":-0.9648628830909729},"size":2.0660252571105959,"orthographic":false}