{"cameraMode":{"drawMode":0,"name":"Shaded","section":"Shading Mode"},"sceneLighting":true,"audioPlay":false,"sceneViewState":{"m_AlwaysRefresh":false,"showFog":true,"showSkybox":true,"showFlares":true,"showImageEffects":true,"showParticleSystems":true,"showVisualEffectGraphs":true,"m_FxEnabled":true},"in2DMode":false,"pivot":{"x":-2.9930763244628908,"y":20.70490264892578,"z":3.1243152618408205},"rotation":{"x":-0.29218417406082156,"y":-0.14926746487617494,"z":0.04622359573841095,"w":-0.9435166716575623},"size":36.55745315551758,"orthographic":false}