{"cameraMode":{"drawMode":0,"name":"Shaded","section":"Shading Mode"},"sceneLighting":true,"audioPlay":false,"sceneViewState":{"m_AlwaysRefresh":false,"showFog":true,"showSkybox":true,"showFlares":true,"showImageEffects":true,"showParticleSystems":true,"showVisualEffectGraphs":true,"m_FxEnabled":true},"in2DMode":false,"pivot":{"x":-9.04672622680664,"y":-2.6095809936523439,"z":20.050949096679689},"rotation":{"x":0.21523691713809968,"y":-0.27160319685935976,"z":0.062106624245643619,"w":0.9361516237258911},"size":20.158756256103517,"orthographic":false}