{"cameraMode":{"drawMode":0,"name":"Shaded","section":"Shading Mode"},"sceneLighting":true,"audioPlay":false,"sceneViewState":{"m_AlwaysRefresh":false,"showFog":true,"showSkybox":true,"showFlares":true,"showImageEffects":true,"showParticleSystems":true,"showVisualEffectGraphs":true,"m_FxEnabled":true},"in2DMode":false,"pivot":{"x":-3.1888036727905275,"y":-3.6938371658325197,"z":44.475425720214847},"rotation":{"x":-0.30455800890922549,"y":-0.12610949575901032,"z":0.04070524498820305,"w":-0.943263828754425},"size":16.446392059326173,"orthographic":false}