{"cameraMode":{"drawMode":0,"name":"Shaded","section":"Shading Mode"},"sceneLighting":true,"audioPlay":false,"sceneViewState":{"m_AlwaysRefresh":false,"showFog":true,"showSkybox":true,"showFlares":true,"showImageEffects":true,"showParticleSystems":true,"showVisualEffectGraphs":true,"m_FxEnabled":true},"in2DMode":false,"pivot":{"x":-12.252090454101563,"y":3.3019747734069826,"z":0.6990089416503906},"rotation":{"x":0.2297612726688385,"y":0.1167733296751976,"z":-0.027404921129345895,"w":0.9663057923316956},"size":6.974148273468018,"orthographic":false}