{"cameraMode":{"drawMode":0,"name":"Shaded","section":"Shading Mode"},"sceneLighting":true,"audioPlay":false,"sceneViewState":{"m_AlwaysRefresh":false,"showFog":true,"showSkybox":true,"showFlares":true,"showImageEffects":true,"showParticleSystems":true,"showVisualEffectGraphs":true,"m_FxEnabled":true},"in2DMode":false,"pivot":{"x":15.272369384765625,"y":1.5576858520507813,"z":5.60833740234375},"rotation":{"x":-0.021598437801003457,"y":-0.9338312745094299,"z":0.35245367884635928,"w":-0.05722517892718315},"size":95.81631469726563,"orthographic":false}