{"cameraMode":{"drawMode":0,"name":"Shaded","section":"Shading Mode"},"sceneLighting":true,"audioPlay":false,"sceneViewState":{"m_AlwaysRefresh":false,"showFog":true,"showSkybox":true,"showFlares":true,"showImageEffects":true,"showParticleSystems":true,"showVisualEffectGraphs":true,"m_FxEnabled":true},"in2DMode":false,"pivot":{"x":1.2087631225585938,"y":0.17813873291015626,"z":-8.765615463256836},"rotation":{"x":-0.15530842542648316,"y":0.8455766439437866,"z":-0.3661121428012848,"w":-0.3568294942378998},"size":13.427693367004395,"orthographic":false}