{"cameraMode":{"drawMode":0,"name":"Shaded","section":"Shading Mode"},"sceneLighting":false,"audioPlay":false,"sceneViewState":{"m_AlwaysRefresh":false,"showFog":true,"showSkybox":false,"showFlares":true,"showImageEffects":true,"showParticleSystems":true,"showVisualEffectGraphs":true,"m_FxEnabled":true},"in2DMode":false,"pivot":{"x":9.308201789855957,"y":-3.1014528274536135,"z":22.060850143432618},"rotation":{"x":-0.36516645550727847,"y":-0.35376209020614626,"z":0.15242144465446473,"w":-0.8475707173347473},"size":0.21523849666118623,"orthographic":false}