{"cameraMode":{"drawMode":0,"name":"Shaded","section":"Shading Mode"},"sceneLighting":false,"audioPlay":false,"sceneViewState":{"m_AlwaysRefresh":false,"showFog":true,"showSkybox":false,"showFlares":true,"showImageEffects":true,"showParticleSystems":true,"showVisualEffectGraphs":true,"m_FxEnabled":true},"in2DMode":false,"pivot":{"x":-8.44188117980957,"y":1.0735641717910767,"z":13.707953453063965},"rotation":{"x":0.0032092230394482614,"y":-0.9736326932907105,"z":0.22777439653873444,"w":0.013737118802964688},"size":1.3383138179779053,"orthographic":false}