{"cameraMode":{"drawMode":0,"name":"Shaded","section":"Shading Mode"},"sceneLighting":false,"audioPlay":false,"sceneViewState":{"m_AlwaysRefresh":false,"showFog":true,"showSkybox":false,"showFlares":true,"showImageEffects":true,"showParticleSystems":true,"showVisualEffectGraphs":true,"m_FxEnabled":true},"in2DMode":false,"pivot":{"x":-5.498019695281982,"y":1.3538479804992676,"z":8.995227813720704},"rotation":{"x":0.17138716578483582,"y":-0.33060523867607119,"z":0.06118541583418846,"w":0.9260612726211548},"size":4.7261762619018559,"orthographic":false}