{"cameraMode":{"drawMode":0,"name":"Shaded","section":"Shading Mode"},"sceneLighting":false,"audioPlay":false,"sceneViewState":{"m_AlwaysRefresh":false,"showFog":true,"showSkybox":false,"showFlares":true,"showImageEffects":true,"showParticleSystems":true,"showVisualEffectGraphs":true,"m_FxEnabled":true},"in2DMode":false,"pivot":{"x":-1.6089999675750733,"y":0.9300000071525574,"z":3.809999942779541},"rotation":{"x":-0.24919815361499787,"y":0.39150118827819826,"z":-0.11101548373699188,"w":-0.8788105845451355},"size":0.4330127239227295,"orthographic":false}