{"cameraMode":{"drawMode":0,"name":"Shaded","section":"Shading Mode"},"sceneLighting":false,"audioPlay":false,"sceneViewState":{"m_AlwaysRefresh":false,"showFog":true,"showSkybox":false,"showFlares":true,"showImageEffects":true,"showParticleSystems":true,"showVisualEffectGraphs":true,"m_FxEnabled":true},"in2DMode":false,"pivot":{"x":0.9902846813201904,"y":1.0275285243988038,"z":7.899580001831055},"rotation":{"x":-0.03835108131170273,"y":-0.26283442974090578,"z":0.011004159227013588,"w":-0.9642455577850342},"size":4.300660133361816,"orthographic":false}