{"cameraMode":{"drawMode":0,"name":"Shaded","section":"Shading Mode"},"sceneLighting":false,"audioPlay":false,"sceneViewState":{"m_AlwaysRefresh":false,"showFog":true,"showSkybox":false,"showFlares":true,"showImageEffects":true,"showParticleSystems":true,"showVisualEffectGraphs":true,"m_FxEnabled":true},"in2DMode":false,"pivot":{"x":0.02907264232635498,"y":2.57257080078125,"z":0.02283799648284912},"rotation":{"x":-0.1192978173494339,"y":-0.5262307524681091,"z":0.07485945522785187,"w":-0.8386008143424988},"size":3.0060677528381349,"orthographic":false}