{"cameraMode":{"drawMode":0,"name":"Shaded","section":"Shading Mode"},"sceneLighting":false,"audioPlay":false,"sceneViewState":{"m_AlwaysRefresh":false,"showFog":true,"showSkybox":false,"showFlares":true,"showImageEffects":true,"showParticleSystems":true,"showVisualEffectGraphs":true,"m_FxEnabled":true},"in2DMode":false,"pivot":{"x":0.0000017881393432617188,"y":1.4819185733795167,"z":0.0016335844993591309},"rotation":{"x":-0.03578316047787666,"y":0.9494873285293579,"z":-0.11767762899398804,"w":-0.28872308135032656},"size":2.271726608276367,"orthographic":false}