{"cameraMode":{"drawMode":0,"name":"Shaded","section":"Shading Mode"},"sceneLighting":false,"audioPlay":false,"sceneViewState":{"m_AlwaysRefresh":false,"showFog":true,"showSkybox":false,"showFlares":true,"showImageEffects":true,"showParticleSystems":true,"showVisualEffectGraphs":true,"m_FxEnabled":true},"in2DMode":false,"pivot":{"x":0.02698230743408203,"y":-0.416107177734375,"z":3.4741530418395998},"rotation":{"x":-0.17351725697517396,"y":-0.21609778702259065,"z":0.03905745595693588,"w":-0.9600375890731812},"size":4.263499736785889,"orthographic":false}