{"cameraMode":{"drawMode":0,"name":"Shaded","section":"Shading Mode"},"sceneLighting":false,"audioPlay":false,"sceneViewState":{"m_AlwaysRefresh":false,"showFog":true,"showSkybox":false,"showFlares":true,"showImageEffects":true,"showParticleSystems":true,"showVisualEffectGraphs":true,"m_FxEnabled":true},"in2DMode":false,"pivot":{"x":0.2820678949356079,"y":1.4104766845703126,"z":0.0016336441040039063},"rotation":{"x":-0.03578316047787666,"y":0.9494873285293579,"z":-0.11767762899398804,"w":-0.28872308135032656},"size":2.0207295417785646,"orthographic":false}