{"cameraMode":{"drawMode":0,"name":"Shaded","section":"Shading Mode"},"sceneLighting":false,"audioPlay":false,"sceneViewState":{"m_AlwaysRefresh":false,"showFog":true,"showSkybox":false,"showFlares":true,"showImageEffects":true,"showParticleSystems":true,"showVisualEffectGraphs":true,"m_FxEnabled":true},"in2DMode":false,"pivot":{"x":-0.09749555587768555,"y":0.6945661306381226,"z":0.3586764931678772},"rotation":{"x":-0.11571845412254334,"y":0.6275264620780945,"z":-0.09504006057977677,"w":-0.7640604376792908},"size":1.7381057739257813,"orthographic":false}