{"cameraMode":{"drawMode":0,"name":"Shaded","section":"Shading Mode"},"sceneLighting":false,"audioPlay":false,"sceneViewState":{"m_AlwaysRefresh":false,"showFog":true,"showSkybox":false,"showFlares":true,"showImageEffects":true,"showParticleSystems":true,"showVisualEffectGraphs":true,"m_FxEnabled":true},"in2DMode":false,"pivot":{"x":-0.36588865518569949,"y":0.5115187764167786,"z":0.1951371431350708},"rotation":{"x":-0.12170156091451645,"y":0.4060128331184387,"z":-0.054654963314533237,"w":-0.90407794713974},"size":1.7381057739257813,"orthographic":false}