{"cameraMode":{"drawMode":0,"name":"Shaded","section":"Shading Mode"},"sceneLighting":false,"audioPlay":false,"sceneViewState":{"m_AlwaysRefresh":false,"showFog":true,"showSkybox":false,"showFlares":true,"showImageEffects":true,"showParticleSystems":true,"showVisualEffectGraphs":true,"m_FxEnabled":true},"in2DMode":false,"pivot":{"x":-0.7623536586761475,"y":-0.18917173147201539,"z":1.3445634841918946},"rotation":{"x":-0.0574517659842968,"y":0.8802335262298584,"z":-0.11043571680784226,"w":-0.45792242884635928},"size":1.1070468425750733,"orthographic":false}