{"cameraMode":{"drawMode":0,"name":"Shaded","section":"Shading Mode"},"sceneLighting":false,"audioPlay":false,"sceneViewState":{"m_AlwaysRefresh":false,"showFog":true,"showSkybox":false,"showFlares":true,"showImageEffects":true,"showParticleSystems":true,"showVisualEffectGraphs":true,"m_FxEnabled":true},"in2DMode":false,"pivot":{"x":36.980133056640628,"y":-15.771766662597657,"z":9.269098281860352},"rotation":{"x":0.16257770359516145,"y":0.6317667961120606,"z":-0.13882632553577424,"w":0.7454084157943726},"size":27.824337005615236,"orthographic":false}