{"cameraMode":{"drawMode":0,"name":"Shaded","section":"Shading Mode"},"sceneLighting":false,"audioPlay":false,"sceneViewState":{"m_AlwaysRefresh":false,"showFog":true,"showSkybox":false,"showFlares":true,"showImageEffects":true,"showParticleSystems":true,"showVisualEffectGraphs":true,"m_FxEnabled":true},"in2DMode":false,"pivot":{"x":0.06449703872203827,"y":0.0022950395941734316,"z":0.0489654541015625},"rotation":{"x":-0.12170156091451645,"y":0.4060128331184387,"z":-0.054654963314533237,"w":-0.90407794713974},"size":0.17704400420188905,"orthographic":false}