{"cameraMode":{"drawMode":0,"name":"Shaded","section":"Shading Mode"},"sceneLighting":false,"audioPlay":false,"sceneViewState":{"m_AlwaysRefresh":false,"showFog":true,"showSkybox":false,"showFlares":true,"showImageEffects":true,"showParticleSystems":true,"showVisualEffectGraphs":true,"m_FxEnabled":true},"in2DMode":false,"pivot":{"x":-0.002161093056201935,"y":-0.000009894371032714844,"z":6.109476089477539e-7},"rotation":{"x":-0.12170156091451645,"y":0.4060128331184387,"z":-0.054654963314533237,"w":-0.90407794713974},"size":0.3223012387752533,"orthographic":false}