{"cameraMode":{"drawMode":0,"name":"Shaded","section":"Shading Mode"},"sceneLighting":false,"audioPlay":false,"sceneViewState":{"m_AlwaysRefresh":false,"showFog":true,"showSkybox":false,"showFlares":true,"showImageEffects":true,"showParticleSystems":true,"showVisualEffectGraphs":true,"m_FxEnabled":true},"in2DMode":false,"pivot":{"x":-0.46981602907180788,"y":0.5125960111618042,"z":-1.0162197351455689},"rotation":{"x":-0.020303402096033098,"y":-0.9234814047813416,"z":0.37993624806404116,"w":-0.04935432970523834},"size":0.855580747127533,"orthographic":false}