{"cameraMode":{"drawMode":0,"name":"Shaded","section":"Shading Mode"},"sceneLighting":false,"audioPlay":false,"sceneViewState":{"m_AlwaysRefresh":false,"showFog":true,"showSkybox":false,"showFlares":true,"showImageEffects":true,"showParticleSystems":true,"showVisualEffectGraphs":true,"m_FxEnabled":true},"in2DMode":false,"pivot":{"x":11.22060489654541,"y":-3.088324785232544,"z":24.79119110107422},"rotation":{"x":0.00659048231318593,"y":0.2955145537853241,"z":-0.0020374348387122156,"w":0.9553178548812866},"size":2.6152384281158449,"orthographic":false}