{"cameraMode":{"drawMode":0,"name":"Shaded","section":"Shading Mode"},"sceneLighting":false,"audioPlay":false,"sceneViewState":{"m_AlwaysRefresh":false,"showFog":true,"showSkybox":false,"showFlares":true,"showImageEffects":true,"showParticleSystems":true,"showVisualEffectGraphs":true,"m_FxEnabled":true},"in2DMode":false,"pivot":{"x":-2.160292625427246,"y":1.7538940906524659,"z":6.177957057952881},"rotation":{"x":0.17254966497421266,"y":-0.023405399173498155,"z":0.004492014646530151,"w":0.9851799607276917},"size":2.6234331130981447,"orthographic":false}