{"cameraMode":{"drawMode":0,"name":"Shaded","section":"Shading Mode"},"sceneLighting":false,"audioPlay":false,"sceneViewState":{"m_AlwaysRefresh":false,"showFog":true,"showSkybox":false,"showFlares":true,"showImageEffects":true,"showParticleSystems":true,"showVisualEffectGraphs":true,"m_FxEnabled":true},"in2DMode":false,"pivot":{"x":0.008821725845336914,"y":-0.019979476928710939,"z":1.34665846824646},"rotation":{"x":-0.2956808805465698,"y":0.20789137482643128,"z":-0.0660974457859993,"w":-0.9300687909126282},"size":2.086045026779175,"orthographic":false}