{"cameraMode":{"drawMode":0,"name":"Shaded","section":"Shading Mode"},"sceneLighting":false,"audioPlay":false,"sceneViewState":{"m_AlwaysRefresh":false,"showFog":true,"showSkybox":false,"showFlares":true,"showImageEffects":true,"showParticleSystems":true,"showVisualEffectGraphs":true,"m_FxEnabled":true},"in2DMode":false,"pivot":{"x":0.20377254486083985,"y":1.0919528007507325,"z":12.535581588745118},"rotation":{"x":-0.08313050866127014,"y":-0.31492435932159426,"z":0.028266679495573045,"w":-0.9452816843986511},"size":4.27200174331665,"orthographic":false}